name,output,flag,username,timestamp
jj,Hello jj Welcome to Wasto!ðŸ˜Ž,,,2022-10-22 12:47:50.936495
jj,Hello jj Welcome to Wasto!ðŸ˜Ž,,,2022-10-22 12:47:51.763089
jj,Hello jj Welcome to Wasto!ðŸ˜Ž,,,2022-10-22 12:47:51.937567
jj,Hello jj Welcome to Wasto!ðŸ˜Ž,,,2022-10-22 12:47:52.107528
C:\Users\Akhil\micron\flagged\input_image\tmpyrtn5b3u.jpg,glass,,,2022-10-23 18:51:15.813576
C:\Users\Akhil\micron\flagged\input_image\tmpg2qf7kpv.jpg,glass,,,2022-10-23 18:51:16.274784
C:\Users\Akhil\micron\flagged\input_image\tmp4anbqts2.jpg,glass,,,2022-10-23 18:51:16.466433
C:\Users\Akhil\micron\flagged\input_image\tmpfn4mlz_9.jpg,glass,,,2022-10-23 18:51:16.606773
C:\Users\Akhil\micron\flagged\input_image\tmp00x14lou.jpg,glass,,,2022-10-23 18:51:17.236173
C:\Users\Akhil\micron\flagged\input_image\tmp0ew5_9xs.jpg,glass,,,2022-10-23 18:51:17.373537
C:\Users\Akhil\micron\flagged\input_image\tmpn2ocrhjv.jpg,glass,,,2022-10-23 18:51:17.530158
C:\Users\Akhil\micron\flagged\input_image\tmp_ffhr4t1.jpg,glass,,,2022-10-23 18:51:17.721117
C:\Users\Akhil\micron\flagged\input_image\tmptbe7qqln.jpg,glass,,,2022-10-23 18:51:17.898925
C:\Users\Akhil\micron\flagged\input_image\tmppv_bmm0y.jpg,glass,,,2022-10-23 18:51:18.161157
C:\Users\Akhil\micron\flagged\input_image\tmp2_xpvomq.jpg,glass,,,2022-10-23 18:51:18.344765
C:\Users\Akhil\micron\flagged\input_image\tmptnrg8g3h.jpg,glass,,,2022-10-23 18:51:18.511868
C:\Users\Akhil\micron\flagged\input_image\tmpa71htr3k.jpg,glass,,,2022-10-23 18:51:18.633891
C:\Users\Akhil\micron\flagged\input_image\tmpg6kvn3y7.jpg,glass,,,2022-10-23 18:51:18.968972
C:\Users\Akhil\micron\flagged\input_image\tmp6v8f_wdf.jpg,glass,,,2022-10-23 18:51:19.201742
C:\Users\Akhil\micron\flagged\input_image\tmpmtvz6l7s.jpg,glass,,,2022-10-23 18:51:19.373625
C:\Users\Akhil\micron\flagged\input_image\tmpjuf5skl6.jpg,glass,,,2022-10-23 18:51:19.553595
C:\Users\Akhil\micron\flagged\input_image\tmph5tj741x.jpg,glass,,,2022-10-23 18:51:19.713624
C:\Users\Akhil\micron\flagged\input_image\tmp2mepb0zi.jpg,glass,,,2022-10-23 18:51:19.898010
C:\Users\Akhil\micron\flagged\input_image\tmpm9cwe6q5.jpg,glass,,,2022-10-23 18:51:20.062191
C:\Users\Akhil\micron\flagged\input_image\tmpbq6m7epz.jpg,glass,,,2022-10-23 18:51:20.367453
C:\Users\Akhil\micron\flagged\input_image\tmpevwdq3cx.jpg,glass,,,2022-10-23 18:51:20.671477
C:\Users\Akhil\micron\flagged\input_image\tmpwy6w7mh5.jpg,glass,,,2022-10-23 18:51:20.861464
